<annotation>
	<folder>images</folder>
	<filename>frame13240.jpg</filename>
	<path>C:\Users\MalvarPc\Desktop\Non-attentive\train\images\frame13240.jpg</path>
	<source>
		<database>Unknown</database>
	</source>
	<size>
		<width>640</width>
		<height>480</height>
		<depth>3</depth>
	</size>
	<segmented>0</segmented>
	<object>
		<name>non-attentive</name>
		<pose>Unspecified</pose>
		<truncated>0</truncated>
		<difficult>0</difficult>
		<bndbox>
			<xmin>108</xmin>
			<ymin>156</ymin>
			<xmax>158</xmax>
			<ymax>220</ymax>
		</bndbox>
	</object>
	<object>
		<name>non-attentive</name>
		<pose>Unspecified</pose>
		<truncated>0</truncated>
		<difficult>0</difficult>
		<bndbox>
			<xmin>180</xmin>
			<ymin>137</ymin>
			<xmax>218</xmax>
			<ymax>180</ymax>
		</bndbox>
	</object>
	<object>
		<name>non-attentive</name>
		<pose>Unspecified</pose>
		<truncated>0</truncated>
		<difficult>0</difficult>
		<bndbox>
			<xmin>220</xmin>
			<ymin>124</ymin>
			<xmax>252</xmax>
			<ymax>158</ymax>
		</bndbox>
	</object>
	<object>
		<name>non-attentive</name>
		<pose>Unspecified</pose>
		<truncated>0</truncated>
		<difficult>0</difficult>
		<bndbox>
			<xmin>272</xmin>
			<ymin>123</ymin>
			<xmax>299</xmax>
			<ymax>165</ymax>
		</bndbox>
	</object>
	<object>
		<name>non-attentive</name>
		<pose>Unspecified</pose>
		<truncated>0</truncated>
		<difficult>0</difficult>
		<bndbox>
			<xmin>323</xmin>
			<ymin>145</ymin>
			<xmax>348</xmax>
			<ymax>169</ymax>
		</bndbox>
	</object>
	<object>
		<name>non-attentive</name>
		<pose>Unspecified</pose>
		<truncated>0</truncated>
		<difficult>0</difficult>
		<bndbox>
			<xmin>336</xmin>
			<ymin>157</ymin>
			<xmax>367</xmax>
			<ymax>196</ymax>
		</bndbox>
	</object>
	<object>
		<name>non-attentive</name>
		<pose>Unspecified</pose>
		<truncated>0</truncated>
		<difficult>0</difficult>
		<bndbox>
			<xmin>375</xmin>
			<ymin>138</ymin>
			<xmax>406</xmax>
			<ymax>180</ymax>
		</bndbox>
	</object>
	<object>
		<name>non-attentive</name>
		<pose>Unspecified</pose>
		<truncated>0</truncated>
		<difficult>0</difficult>
		<bndbox>
			<xmin>409</xmin>
			<ymin>173</ymin>
			<xmax>448</xmax>
			<ymax>223</ymax>
		</bndbox>
	</object>
	<object>
		<name>non-attentive</name>
		<pose>Unspecified</pose>
		<truncated>0</truncated>
		<difficult>0</difficult>
		<bndbox>
			<xmin>403</xmin>
			<ymin>216</ymin>
			<xmax>453</xmax>
			<ymax>264</ymax>
		</bndbox>
	</object>
	<object>
		<name>non-attentive</name>
		<pose>Unspecified</pose>
		<truncated>0</truncated>
		<difficult>0</difficult>
		<bndbox>
			<xmin>331</xmin>
			<ymin>196</ymin>
			<xmax>381</xmax>
			<ymax>242</ymax>
		</bndbox>
	</object>
</annotation>
