<annotation>
	<folder>images</folder>
	<filename>frame13307.jpg</filename>
	<path>C:\Users\MalvarPc\Desktop\Non-attentive\train\images\frame13307.jpg</path>
	<source>
		<database>Unknown</database>
	</source>
	<size>
		<width>640</width>
		<height>480</height>
		<depth>3</depth>
	</size>
	<segmented>0</segmented>
	<object>
		<name>non-attentive</name>
		<pose>Unspecified</pose>
		<truncated>0</truncated>
		<difficult>0</difficult>
		<bndbox>
			<xmin>107</xmin>
			<ymin>155</ymin>
			<xmax>157</xmax>
			<ymax>219</ymax>
		</bndbox>
	</object>
	<object>
		<name>non-attentive</name>
		<pose>Unspecified</pose>
		<truncated>0</truncated>
		<difficult>0</difficult>
		<bndbox>
			<xmin>180</xmin>
			<ymin>137</ymin>
			<xmax>218</xmax>
			<ymax>180</ymax>
		</bndbox>
	</object>
	<object>
		<name>non-attentive</name>
		<pose>Unspecified</pose>
		<truncated>0</truncated>
		<difficult>0</difficult>
		<bndbox>
			<xmin>222</xmin>
			<ymin>121</ymin>
			<xmax>254</xmax>
			<ymax>155</ymax>
		</bndbox>
	</object>
	<object>
		<name>non-attentive</name>
		<pose>Unspecified</pose>
		<truncated>0</truncated>
		<difficult>0</difficult>
		<bndbox>
			<xmin>272</xmin>
			<ymin>123</ymin>
			<xmax>299</xmax>
			<ymax>165</ymax>
		</bndbox>
	</object>
	<object>
		<name>non-attentive</name>
		<pose>Unspecified</pose>
		<truncated>0</truncated>
		<difficult>0</difficult>
		<bndbox>
			<xmin>323</xmin>
			<ymin>145</ymin>
			<xmax>348</xmax>
			<ymax>169</ymax>
		</bndbox>
	</object>
	<object>
		<name>non-attentive</name>
		<pose>Unspecified</pose>
		<truncated>0</truncated>
		<difficult>0</difficult>
		<bndbox>
			<xmin>336</xmin>
			<ymin>157</ymin>
			<xmax>367</xmax>
			<ymax>196</ymax>
		</bndbox>
	</object>
	<object>
		<name>non-attentive</name>
		<pose>Unspecified</pose>
		<truncated>0</truncated>
		<difficult>0</difficult>
		<bndbox>
			<xmin>375</xmin>
			<ymin>139</ymin>
			<xmax>406</xmax>
			<ymax>181</ymax>
		</bndbox>
	</object>
	<object>
		<name>non-attentive</name>
		<pose>Unspecified</pose>
		<truncated>0</truncated>
		<difficult>0</difficult>
		<bndbox>
			<xmin>409</xmin>
			<ymin>173</ymin>
			<xmax>448</xmax>
			<ymax>223</ymax>
		</bndbox>
	</object>
	<object>
		<name>non-attentive</name>
		<pose>Unspecified</pose>
		<truncated>0</truncated>
		<difficult>0</difficult>
		<bndbox>
			<xmin>400</xmin>
			<ymin>214</ymin>
			<xmax>450</xmax>
			<ymax>262</ymax>
		</bndbox>
	</object>
	<object>
		<name>non-attentive</name>
		<pose>Unspecified</pose>
		<truncated>0</truncated>
		<difficult>0</difficult>
		<bndbox>
			<xmin>329</xmin>
			<ymin>199</ymin>
			<xmax>374</xmax>
			<ymax>248</ymax>
		</bndbox>
	</object>
</annotation>
